coef,features
0.100739616429673,age
-0.536319601141518,sex
