coef,features
0.0776278281849907,age
-0.375764820842039,sex
0.648767398132141,smoke
0.286889745526904,diabetes
0.480756623631743,prevCHD
-0.353504024026862,hrtnow
0.956807137108239,cancer
-0.0477569751641224,g2ex8phy
-0.0194955647309417,EduYears
0.52109387253824,prevCHF
0.700488538774133,prevABI
